<?xml version="1.0" encoding="UTF-8"?>
<!DOCTYPE mapper PUBLIC "-//mybatis.org//DTD Mapper 3.0//EN" "http://mybatis.org/dtd/mybatis-3-mapper.dtd">
<mapper namespace="com.jizhi.phonemall.mapper.OrderItemMapper">
  <resultMap id="BaseResultMap" type="com.jizhi.phonemall.entity.OrderItem">
    <id column="id" jdbcType="INTEGER" property="id" />
    <result column="price" jdbcType="DOUBLE" property="price" />
    <result column="amount" jdbcType="INTEGER" property="amount" />
    <result column="orderId" jdbcType="INTEGER" property="orderid" />
    <result column="goodsId" jdbcType="INTEGER" property="goodsid" />
    <result column="total" jdbcType="DOUBLE" property="total" />
  </resultMap>
  <sql id="Example_Where_Clause">
    <where>
      <foreach collection="oredCriteria" item="criteria" separator="or">
        <if test="criteria.valid">
          <trim prefix="(" prefixOverrides="and" suffix=")">
            <foreach collection="criteria.criteria" item="criterion">
              <choose>
                <when test="criterion.noValue">
                  and ${criterion.condition}
                </when>
                <when test="criterion.singleValue">
                  and ${criterion.condition} #{criterion.value}
                </when>
                <when test="criterion.betweenValue">
                  and ${criterion.condition} #{criterion.value} and #{criterion.secondValue}
                </when>
                <when test="criterion.listValue">
                  and ${criterion.condition}
                  <foreach close=")" collection="criterion.value" item="listItem" open="(" separator=",">
                    #{listItem}
                  </foreach>
                </when>
              </choose>
            </foreach>
          </trim>
        </if>
      </foreach>
    </where>
  </sql>
  <sql id="Update_By_Example_Where_Clause">
    <where>
      <foreach collection="example.oredCriteria" item="criteria" separator="or">
        <if test="criteria.valid">
          <trim prefix="(" prefixOverrides="and" suffix=")">
            <foreach collection="criteria.criteria" item="criterion">
              <choose>
                <when test="criterion.noValue">
                  and ${criterion.condition}
                </when>
                <when test="criterion.singleValue">
                  and ${criterion.condition} #{criterion.value}
                </when>
                <when test="criterion.betweenValue">
                  and ${criterion.condition} #{criterion.value} and #{criterion.secondValue}
                </when>
                <when test="criterion.listValue">
                  and ${criterion.condition}
                  <foreach close=")" collection="criterion.value" item="listItem" open="(" separator=",">
                    #{listItem}
                  </foreach>
                </when>
              </choose>
            </foreach>
          </trim>
        </if>
      </foreach>
    </where>
  </sql>
  <sql id="Base_Column_List">
    id, price, amount, orderId, goodsId, total
  </sql>
  <select id="selectByExample" parameterType="com.jizhi.phonemall.entity.OrderItemExample" resultMap="BaseResultMap">
    select
    <if test="distinct">
      distinct
    </if>
    <include refid="Base_Column_List" />
    from orderitem
    <if test="_parameter != null">
      <include refid="Example_Where_Clause" />
    </if>
    <if test="orderByClause != null">
      order by ${orderByClause}
    </if>
    <if test="limit != null">
      <if test="offset != null">
        limit ${offset}, ${limit}
      </if>
      <if test="offset == null">
        limit ${limit}
      </if>
    </if>
  </select>
  <select id="selectByPrimaryKey" parameterType="java.lang.Integer" resultMap="BaseResultMap">
    select 
    <include refid="Base_Column_List" />
    from orderitem
    where id = #{id,jdbcType=INTEGER}
  </select>
  <delete id="deleteByPrimaryKey" parameterType="java.lang.Integer">
    delete from orderitem
    where id = #{id,jdbcType=INTEGER}
  </delete>
  <delete id="deleteByExample" parameterType="com.jizhi.phonemall.entity.OrderItemExample">
    delete from orderitem
    <if test="_parameter != null">
      <include refid="Example_Where_Clause" />
    </if>
  </delete>
  <insert id="insert" keyColumn="id" keyProperty="id" parameterType="com.jizhi.phonemall.entity.OrderItem" useGeneratedKeys="true">
    insert into orderitem (price, amount, orderId, 
      goodsId, total)
    values (#{price,jdbcType=DOUBLE}, #{amount,jdbcType=INTEGER}, #{orderid,jdbcType=INTEGER}, 
      #{goodsid,jdbcType=INTEGER}, #{total,jdbcType=DOUBLE})
  </insert>
  <insert id="insertSelective" keyColumn="id" keyProperty="id" parameterType="com.jizhi.phonemall.entity.OrderItem" useGeneratedKeys="true">
    insert into orderitem
    <trim prefix="(" suffix=")" suffixOverrides=",">
      <if test="price != null">
        price,
      </if>
      <if test="amount != null">
        amount,
      </if>
      <if test="orderid != null">
        orderId,
      </if>
      <if test="goodsid != null">
        goodsId,
      </if>
      <if test="total != null">
        total,
      </if>
    </trim>
    <trim prefix="values (" suffix=")" suffixOverrides=",">
      <if test="price != null">
        #{price,jdbcType=DOUBLE},
      </if>
      <if test="amount != null">
        #{amount,jdbcType=INTEGER},
      </if>
      <if test="orderid != null">
        #{orderid,jdbcType=INTEGER},
      </if>
      <if test="goodsid != null">
        #{goodsid,jdbcType=INTEGER},
      </if>
      <if test="total != null">
        #{total,jdbcType=DOUBLE},
      </if>
    </trim>
  </insert>
  <select id="countByExample" parameterType="com.jizhi.phonemall.entity.OrderItemExample" resultType="java.lang.Long">
    select count(*) from orderitem
    <if test="_parameter != null">
      <include refid="Example_Where_Clause" />
    </if>
  </select>
  <update id="updateByExampleSelective" parameterType="map">
    update orderitem
    <set>
      <if test="record.id != null">
        id = #{record.id,jdbcType=INTEGER},
      </if>
      <if test="record.price != null">
        price = #{record.price,jdbcType=DOUBLE},
      </if>
      <if test="record.amount != null">
        amount = #{record.amount,jdbcType=INTEGER},
      </if>
      <if test="record.orderid != null">
        orderId = #{record.orderid,jdbcType=INTEGER},
      </if>
      <if test="record.goodsid != null">
        goodsId = #{record.goodsid,jdbcType=INTEGER},
      </if>
      <if test="record.total != null">
        total = #{record.total,jdbcType=DOUBLE},
      </if>
    </set>
    <if test="_parameter != null">
      <include refid="Update_By_Example_Where_Clause" />
    </if>
  </update>
  <update id="updateByExample" parameterType="map">
    update orderitem
    set id = #{record.id,jdbcType=INTEGER},
      price = #{record.price,jdbcType=DOUBLE},
      amount = #{record.amount,jdbcType=INTEGER},
      orderId = #{record.orderid,jdbcType=INTEGER},
      goodsId = #{record.goodsid,jdbcType=INTEGER},
      total = #{record.total,jdbcType=DOUBLE}
    <if test="_parameter != null">
      <include refid="Update_By_Example_Where_Clause" />
    </if>
  </update>
  <update id="updateByPrimaryKeySelective" parameterType="com.jizhi.phonemall.entity.OrderItem">
    update orderitem
    <set>
      <if test="price != null">
        price = #{price,jdbcType=DOUBLE},
      </if>
      <if test="amount != null">
        amount = #{amount,jdbcType=INTEGER},
      </if>
      <if test="orderid != null">
        orderId = #{orderid,jdbcType=INTEGER},
      </if>
      <if test="goodsid != null">
        goodsId = #{goodsid,jdbcType=INTEGER},
      </if>
      <if test="total != null">
        total = #{total,jdbcType=DOUBLE},
      </if>
    </set>
    where id = #{id,jdbcType=INTEGER}
  </update>
  <update id="updateByPrimaryKey" parameterType="com.jizhi.phonemall.entity.OrderItem">
    update orderitem
    set price = #{price,jdbcType=DOUBLE},
      amount = #{amount,jdbcType=INTEGER},
      orderId = #{orderid,jdbcType=INTEGER},
      goodsId = #{goodsid,jdbcType=INTEGER},
      total = #{total,jdbcType=DOUBLE}
    where id = #{id,jdbcType=INTEGER}
  </update>
</mapper>