<?xml version="1.0" encoding="UTF-8"?>
<beans xmlns="http://www.springframework.org/schema/beans"
       xmlns:mvc="http://www.springframework.org/schema/mvc"
       xmlns:xsi="http://www.w3.org/2001/XMLSchema-instance"
       xmlns:context="http://www.springframework.org/schema/context"
       xsi:schemaLocation="
        http://www.springframework.org/schema/beans
        https://www.springframework.org/schema/beans/spring-beans.xsd
        http://www.springframework.org/schema/mvc
        https://www.springframework.org/schema/mvc/spring-mvc.xsd
        http://www.springframework.org/schema/context
        https://www.springframework.org/schema/context/spring-context.xsd">
    <!--1.开启springmvc的注解扫描配置：可以使用@Controller这种方式-->
    <context:component-scan base-package="com.jizhi.phonemall.controller"/>
    <!--2.开启MVC的注解驱动-->
    <mvc:annotation-driven/>
    <!--3.配置静态资源    -->
    <!--    位于resource下-->
    <!--    前台页面位于front-->
    <!--    后台页面位于admin-->
    <mvc:resources mapping="/pic/**" location="/pic/"></mvc:resources>
    <mvc:resources mapping="/alipay/**" location="/alipay/"></mvc:resources>
    <mvc:resources mapping="/resource/js/**" location="/resource/js/"></mvc:resources>
    <mvc:resources mapping="/resource/css/**" location="/resource/css/"></mvc:resources>
    <mvc:resources mapping="/resource/images/**" location="/resource/images/"></mvc:resources>
    <mvc:resources mapping="/resource/fonts/**" location="/resource/fonts/"></mvc:resources>

    <!--前台页面静态资源-->
    <mvc:resources mapping="/resource_index/fonts/**" location="/resource_index/fonts/"></mvc:resources>
    <mvc:resources mapping="/resource_index/css/**" location="/resource_index/css/"></mvc:resources>
    <mvc:resources mapping="/resource_index/images/**" location="/resource_index/images/"></mvc:resources>
    <mvc:resources mapping="/resource_index/js/**" location="/resource_index/js/"></mvc:resources>
    <mvc:resources mapping="/resource_index/layer/**" location="/resource_index/layer/"></mvc:resources>
    <!--4.配置视图解析器-->
    <bean id="viewResolver" class="org.springframework.web.servlet.view.InternalResourceViewResolver">
        <property name="prefix" value=""></property>
        <property name="suffix" value=".jsp"></property>
    </bean>
<!--    5.配置拦截器-->
    <mvc:interceptors>
        <mvc:interceptor>
            <!--1.拦截：配置登陆拦截器(未登录状态，输入哪个子网址，都跳转到登录页面)-->
            <mvc:mapping path="/admin/**/"/>
            <bean class="com.jizhi.phonemall.controller.AdminInterceptor"></bean>
        </mvc:interceptor>
    </mvc:interceptors>

<!--    6.配置多媒体文件解析器，用于文件的上传操作-->
    <bean id="multipartResolver" class="org.springframework.web.multipart.commons.CommonsMultipartResolver">
        <!--设置允许上传文件的最大空间-->
        <!--1024*1024为1MB-->
        <property name="maxUploadSizePerFile" value="10485760"/>
        <property name="defaultEncoding" value="UTF-8"/>
    </bean>

</beans>